store_id,total_customers,total_inventory_items,total_rentals,total_revenue,revenue_per_inventory_item,rentals_per_inventory_item
1,326,2270,7923,30628.91,13.492911894273128,3.490308370044053
2,273,2311,8121,30683.13,13.27699264387711,3.5140631761142362
